randomized_id,lat,lng,spd,seq
7637058049336049989,51.09546,71.42753,0.20681,0
1259981924615926140,51.0982,71.41295,0.0,0
1259981924615926140,51.09846,71.41212,4.34501,1
7180852955221959108,51.0897785,71.4284693,14.326102256774902,0
-6683155579225977143,51.0887817,71.4174617,0.0006021466688252,0
-9163058962347897266,51.09454,71.40761,4.01778,0
5965568696283616614,51.09869,71.40596,11.16366,0
5965568696283616614,51.10038,71.40663,12.83405,1
8912987557492744692,51.0944199,71.4043796,15.889509201049805,0
8912987557492744692,51.0935884,71.4040839,15.39943790435791,1
8912987557492744692,51.0927862,71.4038026,14.697993278503418,2
8912987557492744692,51.0906913,71.4030265,14.682913780212402,3
8912987557492744692,51.0988013,71.4058674,5.504781246185304,4
4946418821398555409,51.1018477,71.4135955,14.880088806152344,0w
-1167793641114800051,51.09336,71.42396,2.31088,0
-1497322719701473200,51.10087,71.41263,0.07523,0
-1863396568162172735,51.0935,71.4281437,0.0071297790855169,0
1167443348261484352,51.097872,71.417,1.9036011695861816,0
-7848207225311059017,51.09696,71.42592,2.80749,0
7333684189108563626,51.0997679,71.4297613,11.19477653503418,0
7333684189108563626,51.0998556,71.4290278,0.2000290006399154,1
11378713731388539,51.0948233,71.4045705,18.85999870300293,0
644214573524861096,51.09431,71.41013,9.84383,0
644214573524861096,51.09494,71.41041,14.97079,1
644214573524861096,51.09273,71.4096,15.68989,2
5605187952512631458,51.09751,71.42767,17.25646,0
-2263977994844758864,51.08013,71.41747,15.53622,0
-695151686442235902,51.0939212,71.420258,4.710092067718506,0
713670042754951914,51.09904,71.42657,1.22974,0
4410160327969649689,51.09728,71.42159,0.14482,0
-7203978565171188633,51.0966456,71.4186663,5.961121132713743e-06,0
-7203978565171188633,51.0964421,71.4200917,11.273891448974608,1
-7203978565171188633,51.0965589,71.419321,6.91300106048584,2
-7203978565171188633,51.0958293,71.4243316,12.543477058410645,3
-7203978565171188633,51.0959162,71.4237324,15.61909008026123,4
-7232000619053351927,51.0859224,71.4014369,6.420482635498047,0
-4503039007686843484,51.09406,71.41981,7.55604,0
-4503039007686843484,51.0944,71.41994,9.8484,1
1117657795074797527,51.0850167,71.426895,0.0,0
7578017897848014322,51.09074,71.42317,1.71652,0
7388825032327486093,51.0807773,71.4129367,15.989517211914062,0
-7497275001539463149,51.0839057,71.4005434,17.810155868530273,0
-7497275001539463149,51.0867102,71.4015857,7.395637035369873,1
-7497275001539463149,51.0843844,71.4007176,18.68095970153809,2
-7711155912476414697,51.09337,71.42575,1.99882,0
6636578100574563618,51.08602546,71.43041249,0.0,0
-3233511859109151600,51.0962206,71.4225565,1.3762825727462769,0
-7127951229064392608,51.096311,71.4209223,13.809356689453123,0
-7127951229064392608,51.0961362,71.4221719,15.763853073120115,1
-7127951229064392608,51.0955987,71.4258385,7.677136421203612,2
-8092012232508018684,51.09856,71.4175,14.03876,0
-8092012232508018684,51.10046,71.41818,10.80186,1
-5351004858046889463,51.097692,71.4307401,0.0434636250138282,0
-5182303324346386213,51.08626,71.42887,2.41789,0
443752705174225024,51.0964791,71.4199046,9.9663028717041,0
5514956162494272558,51.0980892,71.4278717,15.76315212249756,0
3511686695644780046,51.09448,71.42807,-1.0,0
-8229410190951772551,51.0852099,71.4028374,0.4894273579120636,0
-933252634497367427,51.0922566,71.4035666,16.860044479370117,0
414939634550941147,51.0832228,71.4277361,5.462892055511475,0
-1748108334096322536,51.0942486,71.4239215,10.209789276123049,0
-1748108334096322536,51.0935259,71.423669,9.1695499420166,1
-5331910341585342156,51.09939,71.40608,10.23731,0
-5331910341585342156,51.09887,71.40384,11.21288,1
-1133026454087232526,51.09808,71.40828,13.37814,0
-1133026454087232526,51.09773,71.41077,7.67338,1
5856630609464817450,51.1007732,71.4123637,0.0,0
7330944877497336823,51.0851217,71.41727,0.0,0
7330944877497336823,51.0851217,71.41727,3.6961559979125855e-14,1
8912987557492744692,51.0892337,71.4024949,10.51484203338623,5
-7219960779787608750,51.0847,71.42867,4.10621,0
2086289153677787796,51.09388,71.42064,1.49335,0
-7232000619053351927,51.0906062,71.4030545,18.07056999206543,1
-3233511859109151600,51.0973674,71.415609,6.077504634857178,1
-8092012232508018684,51.10101,71.41837,3.08215,2
3511686695644780046,51.09475,71.42786,-1.0,1
7637058049336049989,51.09564,71.4266,10.36974,1
7637058049336049989,51.09735,71.41442,20.09926,2
7637058049336049989,51.09708,71.41663,17.89744,3
4444696901291287728,51.0814688,71.3998107,16.388940811157227,0
4444696901291287728,51.0823282,71.4001441,16.67824363708496,1
1259981924615926140,51.10157,71.41286,5.84997,2
1259981924615926140,51.10207,71.41208,10.75233,3
1259981924615926140,51.1013,71.41277,10.8288,4
7180852955221959108,51.086893,71.4311963,3.255455255508423,1
7180852955221959108,51.085765,71.4313171,13.46912670135498,2
7180852955221959108,51.0857203,71.4318708,11.530025482177734,3
-6683155579225977143,51.0887817,71.4174617,5.490058870705325e-15,1
-2022841201096710479,51.0927481,71.4233536,12.697779655456545,0
1297989119742281421,51.0996517,71.429995,0.4300733804702758,0
-2247032745704771490,51.0955611,71.4275293,0.3298908472061157,0
2821957552425235320,51.1013941,71.4170134,14.259900093078612,0
2513900978790776093,51.0835084,71.4226979,11.079626083374023,0
6402146386860133556,51.0981217,71.4133006,6.490956661053815e-09,0
8912987557492744692,51.0873251,71.4018176,13.60115909576416,6
-3096684360561249056,51.0958503,71.4110552,4.473830223083496,0
-3096684360561249056,51.095585,71.4106558,8.76648998260498,1
-3096684360561249056,51.0964639,71.4098054,0.1529257446527481,2
-3096684360561249056,51.0964761,71.4097914,0.1264078170061111,3
-3096684360561249056,51.0964295,71.4097573,1.7118847370147705,4
-2172450248395812669,51.0813497,71.4219041,15.020391464233398,0
-2172450248395812669,51.0831875,71.4224985,0.5799807906150817,1
3136884758321932953,51.09892,71.40601,3.02763,0
-4317837897027109706,51.10112,71.41899,1.25516,0
-4317837897027109706,51.10118,71.41846,7.72617,1
-4317837897027109706,51.10112,71.41942,7.99,2
-4317837897027109706,51.10112,71.41899,1.25516,3
-4317837897027109706,51.10168,71.41445,12.28,4
-4317837897027109706,51.10185,71.41401,11.6,5
-1497322719701473200,51.0967,71.41787,16.24633,1
-1497322719701473200,51.09636,71.42084,16.32671,2
-1497322719701473200,51.09749,71.41698,7.03396,3
-1497322719701473200,51.10122,71.41689,13.87326,4
-1497322719701473200,51.10147,71.4148,12.9224,5
-1626607980783861266,51.097828,71.4276943,15.756311416625977,0
-1626607980783861266,51.0958284,71.4269819,2.545811414718628,1
-2580341546629037397,51.09906,71.41759,12.29,0
-163702367191974347,51.09063,71.42532,4.94875,0
1457856951307904850,51.0974083,71.4143853,13.974320411682127,0
-7219960779787608750,51.08564,71.43014,9.44688,1
-7219960779787608750,51.08555,71.43069,9.86352,2
-7219960779787608750,51.08555,71.43069,9.86352,3
6535710620019743343,51.09675,71.43122,-1.0,0
-7848207225311059017,51.09705,71.42358,2.39503,1
-7848207225311059017,51.09681,71.42492,6.35388,2
2086289153677787796,51.09473,71.42008,13.55669,1
2086289153677787796,51.09394,71.42142,1.60776,2
2086289153677787796,51.09537,71.42031,10.52755,3
2086289153677787796,51.09508,71.42021,12.76979,4
2086289153677787796,51.0937,71.42041,9.06817,5
-8639654372402153867,51.0944878,71.4047426,6.051008701324463,0
-8639654372402153867,51.0913985,71.4034341,14.618781089782717,1
-8639654372402153867,51.0821335,71.4000562,17.53730583190918,2
-3223570842974303970,51.08454,71.42097,-1.0,0
-3223570842974303970,51.08454,71.42097,-1.0,1
2290273861824844300,51.09882,71.42772,6.20436,0
7333684189108563626,51.0998562,71.4290251,3.4461963210679573e-15,2
7333684189108563626,51.0993483,71.4281974,11.679551124572754,3
7333684189108563626,51.0996294,71.4283013,9.24044132232666,4
7333684189108563626,51.0986625,71.4279442,14.018280029296877,5
644214573524861096,51.08959,71.41102,8.18179,3
644214573524861096,51.08563,71.41205,12.76997,4
644214573524861096,51.08179,71.42192,18.31514,5
-794857066101450508,51.0998648,71.4286723,9.44312858581543,0
-794857066101450508,51.1000056,71.4275421,11.691742897033691,1
-6027501369315581066,51.0984,71.40616,10.85478,0
-3604055234335429896,51.08318,71.42595,0.01787,0
-3604055234335429896,51.08526,71.42669,7.98399,1
-3604055234335429896,51.08941,71.43464,8.25698,2
-3604055234335429896,51.09001,71.43486,9.69261,3
-3604055234335429896,51.08585,71.42834,4.68541,4
-2263977994844758864,51.08198,71.40393,15.742,1
-2263977994844758864,51.08151,71.40751,16.35933,2
-2263977994844758864,51.08236,71.40124,6.37911,3
-7606448709539098078,51.09185,71.4134149,7.395384272967931e-06,0
4126296188612297478,51.095479,71.4268091,10.649816513061523,0
-2081417390025724238,51.0821325,71.4001595,2.73626446723938,0
-5176948829454405703,51.09543,71.4277,4.80128,0
6733302713354807263,51.0945169,71.4323697,7.029972553253174,0
-7203978565171188633,51.0943014,71.4351453,11.05897045135498,5
-7232000619053351927,51.1010025,71.4067787,13.983730316162108,2
-7232000619053351927,51.0956933,71.4048722,17.992284774780273,3
-7232000619053351927,51.0998647,71.4063692,12.280749320983888,4
-7232000619053351927,51.0995109,71.4062492,14.418424606323242,5
-7900788012030257306,51.0825839,71.41225712,0.0,0
2827254786886494597,51.0949521,71.43162,2.9269959926605225,0
2827254786886494597,51.0957406,71.4259846,11.912562370300291,1
2827254786886494597,51.0966464,71.4198207,13.098186492919922,2
2827254786886494597,51.0956788,71.4265343,10.394407272338867,3
2827254786886494597,51.0968509,71.4182239,12.878141403198242,4
-8913259330218792074,51.0986,71.40467,12.61911,0
-1068944251322669231,51.09653,71.41961,4.26548,0
-1068944251322669231,51.09421,71.43574,15.50463,1
-1068944251322669231,51.09491,71.43055,13.81546,2
8439657104173538563,51.09878,71.41201,0.16955,0
8439657104173538563,51.09878,71.41201,0.16955,1
-4503039007686843484,51.10034,71.42203,7.67061,2
-4503039007686843484,51.09597,71.42047,3.36182,3
-4503039007686843484,51.10091,71.42224,11.32555,4
1117657795074797527,51.0853319,71.4269619,3.4283766746521,1
1117657795074797527,51.085103,71.4269191,0.7418888211250305,2
7578017897848014322,51.09081,71.42299,0.0,1
7578017897848014322,51.09081,71.42299,0.0,2
7578017897848014322,51.09081,71.42299,0.0,3
-7711155912476414697,51.0934,71.42528,-1.0,1
6636578100574563618,51.08610290301012,71.43008105904553,2.501659631729126,1
6636578100574563618,51.08685129956173,71.43177657308324,4.345062255859375,2
6636578100574563618,51.08688842,71.43151636,4.650000095367432,3
6636578100574563618,51.0864390254367,71.42985412794674,7.233443737030028,4
6636578100574563618,51.08594454,71.43050229,0.0,5
-3233511859109151600,51.0975532,71.4142668,9.151667594909668,2
-3233511859109151600,51.0981603,71.4126287,3.939769506454468,3
-3233511859109151600,51.0982133,71.4128122,0.2288907468318939,4
2652841124581778479,51.09407,71.43614,9.86145,0
2652841124581778479,51.09032,71.43479,13.5881,1
2652841124581778479,51.09167,71.43526,15.8784,2
-4446652943258135624,51.09039,71.42661,0.0,0
-4446652943258135624,51.09039,71.42661,0.0,1
-8265310833921550108,51.09615,71.4205,0.08624,0
-7127951229064392608,51.0907997,71.426407,0.8431572914123535,3
-6675251452741203708,51.0919682,71.4292728,8.392938613891602,0
-6675251452741203708,51.0907974,71.4288551,6.127272605895996,1
-6675251452741203708,51.0899878,71.4333652,14.130017280578612,2
-6675251452741203708,51.0946772,71.430168,2.130400419235229,3
6474288639559957767,51.07596,71.42007,13.3451,0
8907141530049993855,51.08197,71.40003,10.33386,0
8907141530049993855,51.0978,71.40568,8.42932,1
8907141530049993855,51.08869,71.40241,14.64605,2
-5351004858046889463,51.0976788,71.4307254,0.0368545912206172,1
-5182303324346386213,51.0863,71.4284,4.83578,1
-5182303324346386213,51.08842,71.42637,7.30511,2
-5182303324346386213,51.08783,71.42617,6.482,3
-5182303324346386213,51.0863,71.4284,4.83578,4
8947086965263395599,51.08314,71.40051,18.97609,0
8947086965263395599,51.08188,71.40002,12.93099,1
8947086965263395599,51.08582,71.40455,0.09645,2
8947086965263395599,51.08572,71.40147,17.13399,3
8947086965263395599,51.08635,71.40176,6.72095,4
5975078149805213799,51.0829812,71.4113067,7.633997600731135e-12,0
5902474713428219990,51.0924525,71.4038285,14.191490173339844,0
5902474713428219990,51.0881831,71.4022091,12.838535308837892,1
5902474713428219990,51.0960691,71.4050116,15.948366165161133,2
5902474713428219990,51.0945714,71.4045381,12.988901138305664,3
443752705174225024,51.1002397,71.4267665,8.225106239318846,1
443752705174225024,51.1007106,71.4239233,1.86744487285614,2
443752705174225024,51.0991675,71.428296,0.5288742780685424,3
-829041087661042357,51.0990295,71.4017784,13.544211387634276,0
-829041087661042357,51.0985536,71.4049361,9.641427993774414,1
6471110305867801508,51.10199,71.42244,12.88844,0
-6507756865802121847,51.08781,71.4034,0.26151,0
6830683883615545710,51.0964005,71.4217094,0.3356162905693054,0
6830683883615545710,51.0974095,71.4155337,3.951071977615357,1
-2249342304427341746,51.10211,71.4227,13.3613,0
3511686695644780046,51.09464,71.42826,0.0618,2
3511686695644780046,51.09464,71.42826,0.0618,3
3511686695644780046,51.09447,71.42781,0.91464,4
3511686695644780046,51.09455,71.42878,0.93,5
1129299755335532504,51.0982294,71.4058566,1.6565124988555908,0
1129299755335532504,51.091705,71.4034541,18.10954093933105,1
1129299755335532504,51.0972352,71.4054868,15.751367568969728,2
4829825237485285287,51.09762,71.43133,7.15011,0
4829825237485285287,51.0971,71.43254,0.35516,1
4829825237485285287,51.09728,71.4324,-1.0,2
4829825237485285287,51.09736,71.43263,2.34737,3
4829825237485285287,51.09728,71.4324,-1.0,4
-933252634497367427,51.0835456,71.4004532,10.591405868530272,1
-933252634497367427,51.0852178,71.4010625,12.17996883392334,2
4734761085985544046,51.0823961,71.4009693,6.930050373077393,0
4734761085985544046,51.0818044,71.4053274,17.959989547729492,1
4734761085985544046,51.0813838,71.4083036,19.400022506713867,2
2047779033055903079,51.097192,71.422194,0.0115883322432637,0
-1748108334096322536,51.0949516,71.4240838,9.326497077941895,2
-1748108334096322536,51.09564,71.4243104,0.4815385341644287,3
-1748108334096322536,51.0956545,71.4204905,0.4112810790538787,4
-1748108334096322536,51.0982519,71.4213859,1.6693261861801147,5
-2227865565277714192,51.0977549,71.4106339,4.205843925476073,0
-9164579065866867128,51.0941767,71.4065117,1.2259639782302365e-14,0
-1133026454087232526,51.09706,71.41549,11.77464,2
-1133026454087232526,51.09675,71.41757,11.33488,3
-1133026454087232526,51.09645,71.41969,12.64457,4
-1133026454087232526,51.09638,71.4202,12.14589,5
-1133026454087232526,51.09576,71.42455,13.79378,6
-1133026454087232526,51.09283,71.42585,12.65846,7
-1133026454087232526,51.09507,71.42651,10.09465,8
4335579973202878914,51.07908,71.42447,20.85847,0
4335579973202878914,51.07948,71.42183,10.86501,1
-3350841736635453120,51.10045,71.42608,0.0,0
-8780484841924711321,51.096347,71.4210523,8.508671760559082,0
5856630609464817450,51.0998194,71.412279,2.565724849700928,1
5856630609464817450,51.1007732,71.4123637,0.0,2
7330944877497336823,51.08514,71.417255,0.0,2
-997884238815100542,51.0822573,71.4000288,11.640590667724608,0
5307018789449217150,51.09943,71.40615,13.51,0
5307018789449217150,51.09661,71.4051,14.01,1
5307018789449217150,51.08861,71.40235,15.11,2
-7138491156755231257,51.087619,71.4255337,0.648788332939148,0
-7138491156755231257,51.087788,71.4257786,0.0637307688593864,1
-7138491156755231257,51.087625,71.425539,0.1143662258982658,2
-7789453642740287330,51.0968029,71.4111804,12.519399642944336,0
-7789453642740287330,51.1022327,71.410932,11.33580493927002,1
-7789453642740287330,51.0991571,71.4120275,11.90464687347412,2
-7354867381240831874,51.1001908,71.4116991,0.0136846061795949,0
-7354867381240831874,51.1001927,71.4116109,1.4125196933746338,1
-4286476929918058286,51.0987316,71.4316907,4.228740215301514,0
-3237409122616636937,51.08736,71.42416,2.02084,0
-3237409122616636937,51.08736,71.42416,2.02084,1
-3237409122616636937,51.08736,71.42416,2.02084,2
270032356800411170,51.1007317,71.4068717,0.0,0
8191433644359309183,51.10018,71.40643,3.72641,0
8191433644359309183,51.0962,71.40503,17.60807,1
8191433644359309183,51.09161,71.4034,16.22656,2
8191433644359309183,51.08958,71.40261,16.15175,3
8203945156556009147,51.0876183,71.4198283,1.3793712484345544e-28,0
-4755652856276418321,51.0850645,71.4072282,0.1905132234096527,0
-7636345692308261004,51.09011,71.40715,6.63373,0
1188973792002509404,51.0870385,71.4017999,5.027939319610596,0
-2852460958096957693,51.100136,71.4267654,0.1314149051904678,0
-2852460958096957693,51.100139,71.4267565,0.0080567141994833,1
953949036741989871,51.0887512,71.4084783,0.807594358921051,0
953949036741989871,51.0887039,71.4084584,0.3902510702610015,1
953949036741989871,51.0887237,71.4084345,0.2826376855373382,2
-5721597010517152167,51.0825,71.39905,10.11699,0
-4960645754524330314,51.08839,71.42794,1.18779,0
-4960645754524330314,51.08741,71.42797,0.82821,1
1635099828554805965,51.0986,71.40468,6.5713,0
1635099828554805965,51.0986,71.40468,6.5713,1
1635099828554805965,51.09796,71.40915,18.11664,2
1635099828554805965,51.0986,71.40468,6.5713,3
1635099828554805965,51.09836,71.40656,13.43076,4
2522373252672010615,51.0792767,71.4227267,0.0,0
7591645327556369831,51.09566,71.42556,4.79134,0
7591645327556369831,51.09561,71.42698,7.10597,1
7591645327556369831,51.09777,71.42775,17.85681,2
7591645327556369831,51.09809,71.42786,17.69579,3
7591645327556369831,51.09716,71.42755,16.6223,4
5827561127323354670,51.08348,71.42177,3.74667,0
5827561127323354670,51.07841,71.4206,10.51115,1
-3409058173582990859,51.09668,71.41385,1.60861,0
-3409058173582990859,51.09668,71.41385,1.60861,1
-3409058173582990859,51.09613,71.41458,0.51018,2
-3409058173582990859,51.09613,71.41458,0.51018,3
-796316918877860902,51.09794,71.41171,8.09441,0
-796316918877860902,51.09855,71.41179,10.5578,1
-796316918877860902,51.09888,71.4119,12.16661,2
-796316918877860902,51.10223,71.41104,12.02841,3
-796316918877860902,51.10084,71.41244,13.53452,4
-796316918877860902,51.102,71.41251,6.09336,5
-796316918877860902,51.09948,71.41209,9.66829,6
1687660012129001291,51.085467,71.4024438,0.0,0
1687660012129001291,51.0854759,71.4024495,1.1421961890434014e-15,1
6556988216864760761,51.0759796,71.4135033,0.916752278804779,0
667746165863940627,51.0775318,71.4204359,7.813457489013672,0
667746165863940627,51.0766458,71.4201182,15.849918365478516,1
-8890954824237644514,51.08624,71.41118,0.05025,0
-8890954824237644514,51.08624,71.41118,0.05025,1
4388237058398517312,51.0917677,71.4229472,1.4295004606246948,0
4388237058398517312,51.0913205,71.4240523,7.562145583506208e-06,1
8033674256197675647,51.0901876,71.405909,3.059985399246216,0
8033674256197675647,51.0901066,71.4062558,3.112581253051758,1
7511312776958872205,51.0859683,71.428095,2.325075172393554e-07,0
-1293576528066932699,51.0979282,71.4131345,0.0348839536309242,0
-1293576528066932699,51.0979513,71.4130695,0.1421884447336196,1
-1420764184709140902,51.09331,71.42969,6.75,0
-1420764184709140902,51.09418,71.43,0.48,1
-7213349333182723335,51.1016569,71.4150903,13.850009918212892,0
137863211501030390,51.09071,71.42087,1.49459,0
137863211501030390,51.09045,71.42065,1.28956,1
137863211501030390,51.09105,71.42251,1.34721,2
137863211501030390,51.091,71.42207,1.36944,3
137863211501030390,51.09097,71.42295,2.1488,4
-7716177891999567741,51.08193,71.40002,7.20644,0
-7716177891999567741,51.08166,71.39981,9.54198,1
-7716177891999567741,51.08219,71.40014,3.65565,2
-7716177891999567741,51.08436,71.40084,8.91701,3
-7716177891999567741,51.08467,71.40095,8.56675,4
-8352967576608604255,51.08205146766109,71.40005193419502,0.5603548884391784,0
-8352967576608604255,51.088498839027054,71.4023448908577,9.20827579498291,1
-8352967576608604255,51.085873493551055,71.401440587388,9.846783638000488,2
-3242447426756592204,51.08152,71.39977,14.58569,0
-3242447426756592204,51.08243,71.40061,3.43822,1
-3242447426756592204,51.08243,71.40061,3.43822,2
7218383583516942409,51.0863132,71.4162425,14.649680137634276,0
4655498359336984228,51.09625,71.42709,6.13287,0
4655498359336984228,51.09213,71.42561,13.59886,1
640237044921451556,51.09755,71.40905,0.0,0
-6014533402594853102,51.0937233,71.4262172,19.419273376464844,0
-6014533402594853102,51.0849691,71.4230951,16.006750106811523,1
3715234301207579636,51.10116,71.41783,4.3364,0
3715234301207579636,51.10094,71.41986,11.77608,1
-3298271434171366453,51.09416,71.42469,0.0,0
3937689055346124346,51.095978,71.4274759,0.0498104393482208,0
8722913738320774065,51.0952631,71.4221059,0.4872947633266449,0
-2560516261851932661,51.1022,71.41064,2.14837,0
4267621589372565803,51.08985,71.40934,-1.0,0
4267621589372565803,51.08985,71.40934,-1.0,1
4267621589372565803,51.08985,71.40934,-1.0,2
-5760247677230954046,51.08438,71.42811,0.0,0
8870549598404093087,51.08582,71.42545,1.17724,0
8870549598404093087,51.08582,71.42545,1.17724,1
8870549598404093087,51.08582,71.42545,1.17724,2
5997200784441789701,51.0785964,71.4217591,0.0189807265996933,0
5997200784441789701,51.0785502,71.4222089,1.4296870231628418,1
5997200784441789701,51.0785502,71.4222089,1.4296870231628418,2
6562662228381010768,51.09465,71.43357,6.54447,0
6562662228381010768,51.09488,71.43178,3.80728,1
6562662228381010768,51.09492,71.4313,5.0011,2
2972094792648793556,51.10085,71.42164,3.49182,0
2972094792648793556,51.10182,71.42256,10.21612,1
2972094792648793556,51.10209,71.42266,3.06662,2
4662662998637437688,51.0970188,71.420624,1.7315070629119873,0
4662662998637437688,51.0955331,71.4201312,13.02570915222168,1
4662662998637437688,51.088947,71.4207611,11.426638603210447,2
4662662998637437688,51.087495,71.4196808,8.764629364013672,3
-1658732391602812446,51.0838,71.42279,10.26503,0
7214387287875320623,51.0944247,71.4355214,13.731613159179688,0
4571731656380756473,51.1021298,71.4107753,15.344029426574709,0
4571731656380756473,51.101856,71.4129661,10.84210968017578,1
4571731656380756473,51.1016161,71.4146174,12.976701736450195,2
-1747025532584643618,51.09796,71.40945,17.22206,0
-1747025532584643618,51.09865,71.40458,3.88777,1
1035493942611389659,51.0909364,71.4203788,10.149909019470217,0
1035493942611389659,51.0935586,71.4196492,2.5599474906921387,1
-4224033180034142749,51.08759,71.4240867,5.803838729858398,0
-4224033180034142749,51.0872714,71.4239985,3.3741719722747803,1
-4224033180034142749,51.0869174,71.4240213,6.643628120422363,2
-4224033180034142749,51.0872205,71.4239617,3.972112202492901e-18,3
-4224033180034142749,51.0882104,71.4244729,12.164394378662108,4
-4224033180034142749,51.0896198,71.425007,1.448798894882202,5
-4224033180034142749,51.0893882,71.4249111,11.204691886901855,6
4944428238869511200,51.099414,71.4079617,0.0029258397407829,0
4954182654340819777,51.09722,71.42786,0.49942,0
4954182654340819777,51.09722,71.42786,0.49942,1
4954182654340819777,51.09695,71.42787,0.0,2
1591136123869080208,51.1009853,71.4207507,13.94094181060791,0
1591136123869080208,51.1007599,71.4228479,7.006492321624085e-45,1
1591136123869080208,51.10076,71.4228471,0.2132199853658676,2
1591136123869080208,51.1011,71.4195363,12.374226570129396,3
1591136123869080208,51.1011732,71.4188619,7.6912431716918945,4
1591136123869080208,51.1015411,71.41603,16.24225616455078,5
-6433538042968335582,51.09829,71.42788,2.47538,0
-6433538042968335582,51.09628,71.42711,2.71399,1
-7267320888327309379,51.0963873,71.4213249,4.2010416984558105,0
-7267320888327309379,51.0963283,71.4217077,6.75655460357666,1
-7267320888327309379,51.0969289,71.4174424,4.110116481781006,2
-7267320888327309379,51.0969844,71.416899,0.3828766644001007,3
-7267320888327309379,51.0969844,71.416899,0.138243168592453,4
-7267320888327309379,51.0936493,71.4154471,13.564809799194336,5
-7267320888327309379,51.0933393,71.4151985,12.295695304870604,6
-7267320888327309379,51.0917597,71.4129025,10.269316673278809,7
-7267320888327309379,51.0913341,71.4123049,11.66036891937256,8
-1104029711124232317,51.0962458,71.4212966,2.9925317764282227,0
-2015492524286761421,51.1008101,71.4216989,7.428583145141602,0
-6985553464751315883,51.0825,71.40053,5.53129,0
-4348681951542459885,51.09439,71.43533,11.53383,0
-4348681951542459885,51.09517,71.42986,6.4877,1
-2301610774940872866,51.0895738,71.4112822,5.059272289276123,0
-8469518278920336008,51.1001781,71.4177432,1.4512399435043335,0
-5154866067032082388,51.09868,71.40427,6.8817,0
-5154866067032082388,51.09868,71.40427,6.8817,1
-805185392496609103,51.08041,71.42071,-1.0,0
-8939808986530211433,51.0874483,71.4209894,8.074077606201174,0
-6843482995077127504,51.08757,71.41989,2.67511,0
-6843482995077127504,51.08643,71.41678,11.88367,1
-6843482995077127504,51.0874,71.41952,4.42422,2
-6843482995077127504,51.08642,71.4154,6.945,3
431402557739223498,51.09052,71.43505,14.50733,0
431402557739223498,51.09145,71.43538,15.58767,1
431402557739223498,51.08862,71.43438,11.78078,2
431402557739223498,51.0944,71.43527,11.62644,3
431402557739223498,51.09425,71.43617,2.46933,4
-6376946091916117492,51.09855,71.40506,7.83082,0
-6376946091916117492,51.0966,71.4189,8.11025,1
-6376946091916117492,51.09676,71.41798,9.50187,2
-2355468515832820999,51.0819714,71.4000664,6.601598739624024,0
-2355468515832820999,51.0830059,71.4004488,12.872360229492188,1
-2355468515832820999,51.0886874,71.4023937,10.426544189453123,2
-2355468515832820999,51.0841357,71.4008568,15.156367301940918,3
-8473502331865785375,51.086,71.42791,9.5581,0
-8473502331865785375,51.08561,71.43086,10.11384,1
-8473502331865785375,51.09012,71.4328,16.04279,2
-579911318081244342,51.0902405,71.4227727,0.0008205428603105,0
-834391958454701205,51.1001295,71.4272133,11.469035148620604,0
-834391958454701205,51.1006823,71.4233444,5.5557966232299805,1
-8297875265760376772,51.0950892,71.4297103,1.9189946940528775e-12,0
-8297875265760376772,51.0956521,71.4257783,4.7050603295189716e-14,1
-8297875265760376772,51.0952153,71.4288264,13.250186920166016,2
-672140781473850767,51.0930445,71.4040062,3.840278863906861,0
-672140781473850767,51.0931567,71.4040479,2.5103018283843994,1
-672140781473850767,51.0955208,71.4049266,17.17960548400879,2
-672140781473850767,51.0928853,71.403949,6.310842990875244,3
-672140781473850767,51.0938626,71.4042497,12.119102478027344,4
-672140781473850767,51.0988233,71.4060428,8.920452117919924,5
-5595918467913173506,51.086245,71.4331737,0.0289873629808425,0
-5595918467913173506,51.0862663,71.4331732,0.0058409683406353,1
-5405800335494514412,51.09580453,71.41638739,17.65999984741211,0
-5405800335494514412,51.09195602,71.41326832,15.909999847412108,1
-5405800335494514412,51.09382522,71.41560687,18.350000381469727,2
-5405800335494514412,51.09503738,71.41615303,16.5,3
-5405800335494514412,51.09040132,71.41153965,12.210000038146973,4
-5405800335494514412,51.09020471,71.4114562,11.170000076293944,5
-5405800335494514412,51.08862523,71.41147404,9.789999961853027,6
-5405800335494514412,51.08782665,71.41194305,13.449999809265137,7
-5405800335494514412,51.08843426,71.41154749,11.340000152587892,8
-5405800335494514412,51.08742707,71.4123673,12.119999885559082,9
-5405800335494514412,51.08574819,71.41202095,2.970000028610229,10
-5405800335494514412,51.08579666,71.41204752,2.9600000381469727,11
-5405800335494514412,51.084781,71.41279976,10.779999732971191,12
-5405800335494514412,51.08464059,71.41383791,13.75,13
-5405800335494514412,51.08542731,71.41197121,2.390000104904175,14
1582456263890553774,51.0949365,71.4307208,12.290019035339355,0
1582456263890553774,51.0948842,71.4310956,7.070207595825195,1
1582456263890553774,51.0945676,71.4334637,15.930042266845703,2
4017432169968279923,51.096299,71.4067751,0.011447069235146,0
-7677134939396389326,51.0795323,71.4202347,8.610042572021484,0
-7677134939396389326,51.0789127,71.4245607,16.16978645324707,1
-7677134939396389326,51.0787111,71.4259815,17.740921020507812,2
-7677134939396389326,51.0790974,71.4232666,16.023801803588867,3
-5182303324346386213,51.09568,71.42044,4.83578,5
-5182303324346386213,51.09994,71.42193,12.55244,6
-5182303324346386213,51.10021,71.42203,5.24733,7
-5182303324346386213,51.10154,71.42251,10.49467,8
1634303010694030234,51.09605,71.42755,0.02703,0
1634303010694030234,51.09755,71.42809,4.6361,1
4939552803725711117,51.0807667,71.4117278,16.276344299316406,0
-1366708020200168610,51.0938066,71.4041509,13.790166854858398,0
6997661431857799906,51.09545,71.42206,0.80783,0
6997661431857799906,51.09545,71.42206,0.80783,1
-487401478540532381,51.08388,71.41964,-1.0,0
-487401478540532381,51.08525,71.41045,3.94716,1
655126322029348101,51.10152,71.41869,4.26005,0
655126322029348101,51.09905,71.42163,3.69854,1
655126322029348101,51.10098,71.42221,2.94018,2
655126322029348101,51.09877,71.42152,3.49289,3
5681246730295916620,51.0887067,71.4072711,0.0859356373548507,0
5681246730295916620,51.0887122,71.4072977,0.1543839275836944,1
1345949986840542335,51.0912106,71.4090875,1.106502432404342e-15,0
7743275635811531414,51.0857036,71.4233185,13.66994285583496,0
9039656002458858208,51.0982549,71.4093308,0.0606919042766094,0
9039656002458858208,51.0982498,71.4093343,0.0251077022403478,1
3183025798458650680,51.0876622,71.4119614,3.4771725277072842e-15,0
1385655102143863140,51.0910733,71.4291302,9.633828163146973,0
1385655102143863140,51.0907597,71.4290437,7.6129469871521,1
1385655102143863140,51.0904503,71.4288828,1.807294845581055,2
1385655102143863140,51.0927202,71.4295774,6.21186065673828,3
1385655102143863140,51.0932147,71.4297532,6.128233909606934,4
-9103551607952250286,51.0785579,71.4215275,17.417766571044922,0
-9103551607952250286,51.0787265,71.4296216,0.599747359752655,1
-4098417377275428113,51.08846,71.39629,-1.0,0
-4098417377275428113,51.08846,71.39629,-1.0,1
-8922339186036567937,51.08492,71.42032,0.06415,0
9178588395323308959,51.101657,71.4142955,11.53947639465332,0
9178588395323308959,51.1012522,71.417007,4.084307670593262,1
3232055681517463502,51.08095,71.3996,9.09852,0
3232055681517463502,51.0844,71.40098,10.2123,1
3232055681517463502,51.08255,71.40035,9.95276,2
-2620100359688573641,51.098484,71.4275349,0.3919480741024017,0
-2620100359688573641,51.098137,71.4276163,4.7106757164001465,1
7120917932263666667,51.08183,71.40411,17.14439,0
7120917932263666667,51.08108,71.40929,21.91567,1
7120917932263666667,51.08157,71.40593,16.8545,2
7120917932263666667,51.07983,71.41832,14.31558,3
7120917932263666667,51.0797,71.41932,7.01559,4
7120917932263666667,51.07965,71.41976,2.50351,5
7503747880327689835,51.0942108,71.4108837,0.0023147307801991,0
3374935162887289027,51.0953034,71.4280443,10.40938663482666,0
3374935162887289027,51.0957111,71.4269288,6.825438499450684,1
3374935162887289027,51.0953711,71.4275882,10.183710098266602,2
3374935162887289027,51.09585,71.426985,0.0,3
3374935162887289027,51.0946007,71.4328737,13.85029411315918,4
6563189580852629618,51.0905437,71.4204647,10.75160312652588,0
6563189580852629618,51.0873204,71.4193864,11.420160293579102,1
6563189580852629618,51.0875794,71.4197681,10.232441902160645,2
6563189580852629618,51.0868133,71.4184682,13.101024627685549,3
6563189580852629618,51.0841007,71.4175944,10.365999221801758,4
6563189580852629618,51.0836691,71.4206482,3.7976250648498535,5
6563189580852629618,51.0836217,71.4208381,7.461138693543035e-07,6
6563189580852629618,51.083689,71.420497,4.67461395263672,7
6563189580852629618,51.0838898,71.4189192,9.309473037719727,8
6563189580852629618,51.0832341,71.4224993,8.374939918518066,9
-7679718807994190260,51.1015648,71.4126327,5.404569149017334,0
-7679718807994190260,51.0940161,71.4099659,0.010006652213633,1
-4838637855713123713,51.0986511,71.4049425,0.0743192136287689,0
-4838637855713123713,51.0985688,71.4054281,0.0022267855238169,1
-4838637855713123713,51.0985691,71.4054282,0.0094952201470732,2
-172750849342681102,51.0897304,71.4350411,13.0399169921875,0
-7664135888263400863,51.08381,71.41948,3.89085,0
-7664135888263400863,51.08395,71.41887,14.70511,1
-7664135888263400863,51.08558,71.40737,4.92849,2
4796711120828204890,51.08379,71.42001,6.05123,0
4796711120828204890,51.08363,71.42139,5.09366,1
4796711120828204890,51.08438,71.42305,15.03305,2
-8233696234684704552,51.09698,71.42127,0.28294,0
-8233696234684704552,51.09698,71.42127,0.28294,1
3395162361247890318,51.0843826,71.4155702,14.574125289916992,0
3395162361247890318,51.0842678,71.4164037,1.1965574026107788,1
3395162361247890318,51.0842175,71.416753,9.861664772033693,2
3395162361247890318,51.0838516,71.4193975,8.698821067810057,3
-4191292286521484908,51.08204,71.40594,5.5018,0
-4191292286521484908,51.08498,71.41166,4.99114,1
-4191292286521484908,51.08533,71.40918,12.70466,2
-4191292286521484908,51.08693,71.4127,6.09206,3
2828381616429636664,51.09734,71.43176,2.41607,0
2828381616429636664,51.09772,71.4313,3.10009,1
2828381616429636664,51.09744,71.43135,1.58946,2
223380726455140955,51.09388,71.42086,-1.0,0
223380726455140955,51.09388,71.42086,-1.0,1
1459280488516050692,51.0948933,71.4225247,0.1223252266645431,0
1459280488516050692,51.0948781,71.4226689,0.2613537311553955,1
6703460082644682046,51.0806858,71.4124447,12.331088066101074,0
6703460082644682046,51.081298,71.407885,14.460260391235352,1
6703460082644682046,51.081062,71.4095759,13.110073089599608,2
6703460082644682046,51.081244,71.4135885,4.660387992858888,3
6703460082644682046,51.0813305,71.4136548,0.0311639439314603,4
6703460082644682046,51.0814083,71.4135969,3.42624831199646,5
-2056813099859557749,51.08926,71.39825,3.52333,0
-2056813099859557749,51.08918,71.39874,6.15785,1
-2056813099859557749,51.08851,71.39911,7.65851,2
-2056813099859557749,51.08749,71.39841,4.29648,3
1504361180410846744,51.09542,71.43463,1.48658,0
1504361180410846744,51.09554,71.43502,0.11974,1
1504361180410846744,51.09554,71.43502,0.11974,2
6090644706411630883,51.0904454,71.4230852,0.904714047908783,0
6090644706411630883,51.0905812,71.4231318,0.0,1
6090644706411630883,51.0905812,71.4231318,0.0,2
-6473450772010755768,51.0938944,71.4262309,17.590009689331055,0
953949036741989871,51.0891374,71.4075801,0.3320874869823455,3
-4966132210551038485,51.08511,71.4032,0.0,0
-560954705275851849,51.0963521,71.4218182,1.3413121700286863,0
-1133026454087232526,51.09407,71.42009,0.06467,9
129182967750973426,51.07647,71.41929,1.93062,0
3888471422222820021,51.08465,71.42309,14.84931,0
7012601172213646956,51.09483,71.40958,2.06256,0
5018634956815986356,51.0844899,71.4261364,0.1195669770240783,0
-7747289256296864945,51.0964717,71.4202,0.0,0
7589386866746338082,51.0824878,71.3998929,8.582054138183594,0
-7220944769657035245,51.0834109,71.4211045,0.0132079282775521,0
7589386866746338082,51.0826868,71.3984348,10.587225914001465,1
1055598284863483292,51.0955045,71.4265425,3.039253487009848e-14,0
-7623408468047664133,51.087715,71.4197833,0.0,0
4230222239736425094,51.08527,71.4073,2.6581,0
7585468063339594288,51.08333,71.40666,3.7811,0
1777420812987206816,51.08898,71.41866,0.09864,0
441793485582559550,51.09067,71.42858,5.75561,0
6310139399150228846,51.10089,71.42301,7.58078,0
7360301448788885091,51.08612,71.42954,0.05135,0
-6678208113172673221,51.08832,71.43437,0.0,0
129182967750973426,51.07647,71.41929,1.93062,1
-3234335193135469931,51.07848,71.42885,15.36712,0
3888471422222820021,51.08648,71.42442,7.71972,1
1218317408278968221,51.0865,71.40167,5.81208,0
5249480654867614344,51.08414,71.42309,0.16339,0
3888471422222820021,51.08608,71.42885,6.24843,2
-785270393132304234,51.0882,71.41159,0.25964,0
5018634956815986356,51.0844915,71.4261396,0.0168711226433515,1
3183025798458650680,51.0969206,71.4164044,0.3331835865974426,1
-5104887757791658466,51.0952708,71.4066379,0.0187692362815141,0
-5782566731769701084,51.0842031,71.4173481,5.444652080535889,0
-5782566731769701084,51.0841685,71.4175905,6.03113317489624,1
-5782566731769701084,51.0845098,71.4151072,12.141497611999512,2
-5782566731769701084,51.0846566,71.4141039,11.16948413848877,3
-7747289256296864945,51.0972022,71.4209587,10.341010093688965,1
-5782566731769701084,51.0840421,71.4184641,9.162698745727539,4
287029130408512792,51.0914009,71.4291672,0.8962361216545105,0
1978723033586126072,51.0819892,71.4071977,1.0250899018515722e-09,0
-7661461845340248451,51.0969191,71.4274036,15.384575843811035,0
2910025093663242251,51.0965917,71.4189151,2.00429368019104,0
-7978578404408246718,51.0860908,71.4237258,7.560122013092041,0
-8038022182392737093,51.0874915,71.4124852,12.329957962036133,0
-2037967701103142139,51.0963206,71.409044,0.2329111993312835,0
-542308704255611669,51.081015,71.3996366,12.173830032348633,0
2026309120791396706,51.10058,71.4240301,10.190030097961426,0
-8914505120571452142,51.1011543,71.4176722,10.119477272033691,0
-7978578404408246718,51.0845801,71.4231361,14.989902496337892,1
4003271936465474648,51.09392,71.4280667,5.605193857299268e-45,0
-2190272453798238331,51.0863629,71.4270333,13.330351829528809,0
7589386866746338082,51.0832829,71.4005314,10.417570114135742,2
-2190272453798238331,51.086126,71.4287248,13.010306358337402,1
-7661461845340248451,51.0985641,71.4279423,16.47751808166504,1
-7978578404408246718,51.0858737,71.4236402,9.870100021362305,2
2026309120791396706,51.1005136,71.4244637,10.350042343139648,1
4796711120828204890,51.09803,71.41341,7.90161,3
7928333981051100298,51.09431,71.43529,7.58905,0
4214924374872341783,51.10083,71.4222,10.1609,0
4796711120828204890,51.09847,71.41421,5.00506,4
-6601038803898632524,51.09363,71.42647,10.22596,0
4214924374872341783,51.10117,71.42227,7.00163,1
4796711120828204890,51.09831,71.41351,7.7435,5
-6601038803898632524,51.09113,71.42551,11.63976,1
-4966132210551038485,51.08392,71.40649,13.14212,1
-4966132210551038485,51.08559,71.40697,4.77439,2
1747444880645968012,51.09578,71.40914,7.34353,0
-785270393132304234,51.0882,71.41159,0.25964,1
3888471422222820021,51.08569,71.43134,17.11319,3
3608709630510505849,51.08972,71.40614,-1.0,0
-3234335193135469931,51.07913,71.42429,18.11189,1
1482422174529080928,51.09715,71.42195,0.0,0
-7509198570278632728,51.0779176,71.4240214,0.9913895726203918,0
5018634956815986356,51.0845358,71.4260678,0.0778255462646484,2
2528459804091998624,51.10164,71.41294,0.0,0
-2190272453798238331,51.0866775,71.4244222,0.0370160602033138,2
-2275141516127960493,51.0901954,71.4251764,17.225372314453125,0
6844160447071038629,51.0924277,71.4068895,12.114076614379885,0
-4079216193235454880,51.095957,71.4101579,0.0108536472544074,0
-4920510470768152684,51.0967306,71.4176359,8.649579048156738,0
-2275141516127960493,51.0906633,71.4253388,9.9593448638916,1
-4920510470768152684,51.0968006,71.417275,10.28911590576172,1
6766153983752326557,51.0816769,71.4056979,1.1092932224273682,0
-7623408468047664133,51.087715,71.4197833,0.0,1
-1033250994091840978,51.09582,71.4264,11.48055,0
-1033250994091840978,51.09599,71.42404,15.37954,1
-1033250994091840978,51.09578,71.42583,14.95792,2
-2037967701103142139,51.0963153,71.4090604,0.2025248259305954,1
3458912324523049690,51.0814359,71.4079356,17.03001594543457,0
3458912324523049690,51.0810164,71.4108515,17.659927368164062,1
4003271936465474648,51.0938851,71.4279867,6.7713849603023846e-06,1
953949036741989871,51.0891438,71.4075143,0.6433665752410888,4
4957683688164291345,51.0827047,71.4022596,0.0025447609368711,0
4957683688164291345,51.0827048,71.40226,0.0007539275684393,1
6844160447071038629,51.0920396,71.409346,13.628515243530272,1
6844160447071038629,51.0940339,71.4075585,2.7066798210144043,2
4002255627825337759,51.0864298,71.4094354,0.0007927179103717,0
4002255627825337759,51.0864767,71.4089967,0.0,1
4002255627825337759,51.0864558,71.4093706,0.4710527956485748,2
4002255627825337759,51.0865664,71.4090853,0.0019738196860998,3
5249480654867614344,51.08414,71.42309,0.16339,1
-7978578404408246718,51.0946287,71.4267331,8.54621410369873,3
9054171817471360472,51.0884159,71.4023076,12.833422660827637,0
2392403225767306252,51.0983742,71.4087462,5.428749005886857e-09,0
2392403225767306252,51.0983693,71.4087459,0.0160951856523752,1
1218317408278968221,51.0879,71.40609,3.7104,1
4214924374872341783,51.0957,71.42543,11.21675,2
4655498359336984228,51.09933,71.42436,0.0,2
-7947579773338731437,51.0987901,71.4060508,4.221948623657227,0
-8655028682324999136,51.0834614,71.4311609,0.1399476528167724,0
6405691602304738177,51.09658,71.4221,1.65789,0
-4930661664712127158,51.0818053,71.4039695,15.759270668029783,0
-8340444810992977280,51.0975267,71.4243715,0.9584595561027526,0
4276961780792007041,51.086005,71.41242,3.616159802155572e-11,0
7585468063339594288,51.08333,71.40666,3.7811,1
3608709630510505849,51.08966,71.40583,1.03594,1
-5782566731769701084,51.0845883,71.413635,2.5909188480000008e-05,5
-5782566731769701084,51.0848102,71.4126085,7.929088592529298,6
4230222239736425094,51.08527,71.4073,2.6581,1
7012601172213646956,51.09417,71.40972,7.12214,1
2251032145040305953,51.0958762,71.4049951,13.491094589233398,0
2251032145040305953,51.0939943,71.4043091,14.636930465698242,1
2251032145040305953,51.0962521,71.4051043,10.751255989074709,2
2899157393474334813,51.0975148,71.4260389,7.249468803405762,0
2899157393474334813,51.0971622,71.4259518,5.502797603607178,1
-8914505120571452142,51.1000655,71.4270572,4.957723140716553,1
-785270393132304234,51.09119,71.41232,12.71578,2
3023361539028340377,51.08196,71.4001,6.0171,0
3023361539028340377,51.08141,71.40715,14.80137,1
3023361539028340377,51.0809,71.41079,15.68678,2
3023361539028340377,51.08859,71.42453,12.30494,3
3023361539028340377,51.09504,71.42682,9.4883,4
3023361539028340377,51.0901,71.4251,4.72417,5
3023361539028340377,51.07947,71.42083,8.98633,6
3023361539028340377,51.08014,71.41618,15.05187,7
3023361539028340377,51.08127,71.40821,15.2495,8
3023361539028340377,51.09038,71.42516,4.6137,9
3023361539028340377,51.08291,71.42251,3.38366,10
3023361539028340377,51.08655,71.4238,13.05438,11
3023361539028340377,51.08759,71.42416,13.15322,12
3023361539028340377,51.08041,71.42161,11.87712,13
2910025093663242251,51.0876463,71.4198039,3.926795398001559e-05,1
-7661461845340248451,51.0950927,71.4293496,4.793509006500244,2
-7661461845340248451,51.0949532,71.4304686,9.272737503051756,3
3299023450289093573,51.0976743,71.4124144,4.971652984619141,0
3299023450289093573,51.0984367,71.4080583,10.990009307861328,1
-8195372055370255689,51.0898219,71.4029601,5.042090892791748,0
-8195372055370255689,51.0875582,71.4021077,13.709938049316406,1
-8195372055370255689,51.090009,71.4030106,0.2520188987255096,2
3183025798458650680,51.0947408,71.4264709,12.868699073791504,2
-9158708586266049143,51.098975,71.4291351,0.1267029494047164,0
5018634956815986356,51.0844279,71.4260495,0.2723533809185028,3
8667985599178897125,51.0972355,71.4219687,3.390109777450561,0
8667985599178897125,51.0953859,71.4203537,8.500582695007324,1
869262809597275428,51.0992355,71.4260946,0.54791659116745,0
1514038146497236510,51.0853112,71.4146186,3.790018796920776,0
4796711120828204890,51.09804,71.40939,12.53634,6
-3234335193135469931,51.07946,71.42192,6.4026,2
-542308704255611669,51.0838298,71.4007011,14.565619468688965,1
-542308704255611669,51.0860998,71.4025465,3.3800439834594727,2
-542308704255611669,51.0848658,71.4010867,10.642601013183594,3
-542308704255611669,51.0863685,71.4017805,5.893044948577881,4
-542308704255611669,51.0856725,71.4013802,7.526608943939209,5
-542308704255611669,51.0842248,71.400852,14.899147987365724,6
8205330487656531994,51.0899215,71.4086929,2.379724740982056,0
8205330487656531994,51.0901225,71.4086761,7.860274314880371,1
223380726455140955,51.09974,71.4278,0.21689,2
-5697567701546767952,51.0964188,71.4200071,5.506375789642334,0
-1133026454087232526,51.09407,71.42009,0.06467,10
-2205502178978074469,51.0913667,71.4242717,0.0,0
-5104887757791658466,51.0963711,71.410759,1.499663472175598,1
-8038022182392737093,51.0896812,71.4113682,1.4899383783340454,1
-4966132210551038485,51.08241,71.40178,5.48024,3
-4966132210551038485,51.08211,71.40574,9.81286,4
-4966132210551038485,51.08236,71.40587,10.24799,5
-7220944769657035245,51.0839602,71.4207151,0.8971521258354187,1
-7220944769657035245,51.0839758,71.4203139,0.9210855960845948,2
-7220944769657035245,51.0839839,71.420466,0.8397902846336364,3
-7509198570278632728,51.0794722,71.4211399,2.7395987510681152,1
-7509198570278632728,51.0792897,71.4210387,2.2296483516693115,2
-7509198570278632728,51.0799179,71.4193825,13.178478240966797,3
-7509198570278632728,51.0785779,71.4208697,7.030735492706299,4
-7623408468047664133,51.0878978,71.4189101,3.383945941925049,2
-7623408468047664133,51.0881963,71.4181504,1.0801507234573364,3
-1033250994091840978,51.09674,71.41872,14.02077,3
-2037967701103142139,51.0962993,71.4090976,0.3074717819690704,2
-7747289256296864945,51.097511,71.4241173,1.3505488634109497,2
4003271936465474648,51.093885,71.4279867,0.0,2
953949036741989871,51.089179,71.4075686,0.493330717086792,5
4002255627825337759,51.0864604,71.4089933,0.0019735395908355,4
5249480654867614344,51.08414,71.42309,0.16339,2
-6689006151136853251,51.0881593,71.4020798,14.685991287231444,0
-6689006151136853251,51.0875922,71.4019027,15.79936408996582,1
611278822181957718,51.09248,71.43553,15.77219,0
7141298264394283210,51.0863215,71.4013573,9.48634147644043,0
4126296188612297478,51.0979616,71.4055447,4.806175231933594,1
-4930661664712127158,51.0806502,71.4123506,20.959392547607425,1
7585468063339594288,51.08333,71.40666,3.7811,2
7585468063339594288,51.08333,71.40666,3.7811,3
-5782566731769701084,51.0846121,71.4139575,5.40138578414917,7
-5782566731769701084,51.0845889,71.414215,7.033669471740723,8
-5782566731769701084,51.0845352,71.4145351,7.727067470550538,9
-5782566731769701084,51.0843367,71.4159042,5.087268352508545,10
5724586224528587970,51.0864896,71.4260063,2.853383779525757,0
2251032145040305953,51.0979279,71.4057004,0.2397509962320327,3
2899157393474334813,51.0962002,71.4270724,6.029627799987793,2
-785270393132304234,51.09183,71.41333,9.58968,3
-785270393132304234,51.09183,71.41333,9.58968,4
2910025093663242251,51.087716,71.4194045,1.2789345979690552,2
8667985599178897125,51.0967414,71.4253198,3.4299581050872803,2
869262809597275428,51.0992497,71.4261074,0.0,1
1514038146497236510,51.0847393,71.4138751,7.839959144592285,1
1978723033586126072,51.082216,71.4071531,1.1614824533462524,1
5347981885448567820,51.0988337,71.4034202,11.09306812286377,0
-3234335193135469931,51.08187,71.40501,18.83049,3
-3234335193135469931,51.08134,71.4087,18.74646,4
-3234335193135469931,51.08035,71.4157,19.71471,5
8205330487656531994,51.0925728,71.4097139,14.690388679504396,2
8205330487656531994,51.0904272,71.4089478,11.80925750732422,3
8205330487656531994,51.0910628,71.4091633,12.989652633666992,4
223380726455140955,51.09991,71.42833,0.01323,3
-2205502178978074469,51.0911036,71.424765,5.687124252319336,1
-5104887757791658466,51.0958866,71.4108977,9.169651985168455,2
-4966132210551038485,51.08252,71.40079,7.76866,6
-7509198570278632728,51.0810697,71.4116459,15.753962516784668,5
-7509198570278632728,51.0804847,71.4156079,15.653706550598145,6
-7509198570278632728,51.0805951,71.4149246,16.3608341217041,7
-7509198570278632728,51.0815178,71.4080762,16.906776428222656,8
1055598284863483292,51.094914,71.4281794,4.640408039093018,1
-8294534317566099618,51.0821255,71.4018895,14.199933052062988,0
-8294534317566099618,51.081242,71.4080563,13.90999698638916,1
-8294534317566099618,51.0810727,71.4092192,14.039996147155762,2
-210829083534391649,51.0953598,71.4128295,1.5260965824127195,0
-4451363764504728201,51.09781,71.41702,0.0,0
-4451363764504728201,51.09781,71.41702,0.0,1
-4452689939671937671,51.0884216,71.4206786,12.164525032043455,0
7982407504579429840,51.0957,71.40928,2.45251,0
7982407504579429840,51.09317,71.40974,14.89434,1
7982407504579429840,51.09354,71.40988,12.04692,2
7982407504579429840,51.09477,71.41032,12.1778,3
7982407504579429840,51.08965,71.40987,10.20046,4
3422659917015957311,51.07612,71.42003,15.56107,0
1302099844078688123,51.0861934,71.4121757,0.002497378969565,0
1302099844078688123,51.0861974,71.4121726,0.0377999357879161,1
8332170206233013413,51.08233,71.40169,1.60161,0
8332170206233013413,51.08225,71.40211,1.7671,1
5077417133751415558,51.09877,71.40394,0.0,0
-536101643307143577,51.0894605,71.4373433,16.959882736206055,0
-5311392325146156885,51.09766,71.42762,13.06689,0
-5311392325146156885,51.09829,71.42787,15.279,1
-5311392325146156885,51.09883,71.42807,15.22756,2
-5311392325146156885,51.09353,71.42607,17.95411,3
-5311392325146156885,51.09291,71.42588,16.77089,4
-5311392325146156885,51.08983,71.42482,18.88011,5
-5311392325146156885,51.08541,71.42321,16.51367,6
-4784332766111613839,51.07912,71.42098,9.28368,0
885850519040846964,51.0965537,71.4170154,3.6799957752227774,0
-4092760739993963240,51.08902,71.40974,-1.0,0
-1554817094041538718,51.0968465,71.4173599,11.133233070373535,0
-1554817094041538718,51.0966565,71.418684,12.023887634277344,1
1687660012129001291,51.0868258,71.4076921,2.954246149808001e-15,2
1687660012129001291,51.0868391,71.407722,4.1810000794839646e-08,3
6556988216864760761,51.0792811,71.4208805,0.0265711788088083,1
7315511978432759742,51.0923387,71.4037136,17.914989471435547,0
7315511978432759742,51.0934957,71.4041316,2.2455642223358154,1
7315511978432759742,51.0940433,71.4043318,13.627492904663086,2
799470247979131839,51.09831,71.41525,0.73296,0
799470247979131839,51.09848,71.41572,5.18164,1
-2172450248395812669,51.097882,71.4099902,10.911352157592772,2
-2172450248395812669,51.093427,71.4098681,14.379816055297852,3
-2172450248395812669,51.0899436,71.4086252,0.3098588287830352,4
-2172450248395812669,51.0900429,71.4086474,5.2103681564331055,5
3518921636021610892,51.0970921,71.416754,12.05983543395996,0
3518921636021610892,51.0978204,71.4116255,3.2874114513397217,1
-1786921526519439278,51.0906399,71.4203703,0.0100324433296918,0
-1786921526519439278,51.0906339,71.4203775,0.1158365458250045,1
6923217368119641966,51.09445,71.43401,8.77929,0
6923217368119641966,51.09445,71.43401,8.77929,1
6923217368119641966,51.09487,71.43103,14.09305,2
6923217368119641966,51.09556,71.42696,6.46575,3
6923217368119641966,51.09433,71.43503,8.60573,4
2022371246978631784,51.0885662,71.4246483,0.0076893041841685,0
2022371246978631784,51.0895025,71.4249238,10.47975730895996,1
-503258595816896028,51.1002201,71.4260514,3.5509305000305176,0
-148870741975769496,51.09607,71.42686,8.55831,0
8495285292561744154,51.09546,71.4278,8.74446,0
8495285292561744154,51.09546,71.4278,8.74446,1
8495285292561744154,51.0956,71.42681,9.44684,2
8495285292561744154,51.0959,71.42477,9.49616,3
-2118676403980375043,51.09145,71.435,0.69331,0
-2118676403980375043,51.09145,71.435,0.69331,1
-3487438692412497536,51.09874,71.42652,0.98484,0
-3487438692412497536,51.09874,71.42652,0.98484,1
-2491364452741450528,51.09854,71.40525,3.09334,0
-2491364452741450528,51.09805,71.40869,15.43342,1
-2491364452741450528,51.09831,71.40692,15.24436,2
-2491364452741450528,51.09729,71.41383,15.25899,3
-2491364452741450528,51.097,71.41587,2.27457,4
-8377942085722511570,51.0911975,71.4234569,0.8815968036651611,0
-8377942085722511570,51.091017,71.4233057,0.0022457665763795,1
6288543355682945351,51.0974582,71.41284,15.520760536193848,0
2811526296549264351,51.0855224,71.4109046,2.238289356231689,0
5103971244181355595,51.08219,71.40292,12.19045,0
5103971244181355595,51.08232,71.402,10.00624,1
5103971244181355595,51.08265,71.39974,11.12391,2
-251868473689672136,51.090565,71.4043,4.6050530055907757e-10,0
1213928578781727434,51.10127,71.42218,2.67368,0
1213928578781727434,51.10162,71.41513,15.87788,1
1213928578781727434,51.10091,71.42109,11.12987,2
1213928578781727434,51.10123,71.41785,15.58564,3
1213928578781727434,51.10168,71.41469,15.51808,4
-9210829366468064350,51.0897132,71.4355302,15.33510971069336,0
-8792880907174247893,51.077857,71.4205676,15.484091758728027,0
8539328646841049184,51.0846644,71.4365756,3.4208526611328125,0
-6382382494661177578,51.07941,71.42189,4.21645,0
-2609256708387364910,51.08637,71.4301,-1.0,0
-2609256708387364910,51.08633,71.43032,-1.0,1
-991227769591181348,51.08333,71.41407,6.78932,0
-991227769591181348,51.08659,71.42509,5.89266,1
-991227769591181348,51.08672,71.42378,4.609,2
-991227769591181348,51.099,71.42828,14.34278,3
-991227769591181348,51.09509,71.43036,7.32278,4
-991227769591181348,51.09215,71.42586,14.03552,5
-991227769591181348,51.08933,71.42835,12.51976,6
-991227769591181348,51.09114,71.4255,9.73685,7
-991227769591181348,51.09959,71.42858,9.33613,8
-991227769591181348,51.09626,71.43077,7.67199,9
-991227769591181348,51.0852,71.42331,12.94295,10
-991227769591181348,51.0825,71.40005,8.25791,11
-991227769591181348,51.09079,71.42537,4.63484,12
-991227769591181348,51.08444,71.41548,14.85491,13
-991227769591181348,51.08503,71.41139,14.60953,14
-3897594395820452132,51.09515,71.42059,0.24212,0
-3897594395820452132,51.09515,71.42059,0.24212,1
5963769190447265908,51.0976403,71.4170586,0.6923638582229614,0
5963769190447265908,51.0973334,71.4169295,0.118936963379383,1
-5339323179471195449,51.0940926,71.4091223,0.0,0
-8284822053289541392,51.09654,71.41672,0.06808,0
-5954099694270656748,51.0962533,71.4225017,1.714794799212438e-11,0
-5954099694270656748,51.0974069,71.4139911,5.374387264251709,1
3524022060835253263,51.0841948,71.4173743,0.540016233921051,0
8722913738320774065,51.10116,71.4167284,2.124762535095215,1
8722913738320774065,51.1016547,71.4228305,14.092206954956056,2
8722913738320774065,51.1019952,71.422984,1.1986466646194458,3
-5695066199221970122,51.0819122,71.4000349,8.930171966552734,0
-2715358527872841449,51.08609,71.40396,3.18956,0
-2715358527872841449,51.08615,71.40352,5.19589,1
-2715358527872841449,51.08627,71.40268,1.49189,2
4267621589372565803,51.08981,71.40944,-1.0,3
4267621589372565803,51.08981,71.40944,-1.0,4
8870549598404093087,51.10216,71.41112,2.29406,3
5997200784441789701,51.088801,71.4244667,18.242551803588867,3
5997200784441789701,51.0873805,71.4240165,12.248305320739746,4
5997200784441789701,51.0877811,71.4241461,18.87096405029297,5
2295129705972927589,51.0973797,71.4169203,5.661543369293213,0
-6576337631689429896,51.09249,71.42776,10.4916,0
-6576337631689429896,51.09284,71.42786,6.90528,1
-3915663658499810939,51.08232,71.40153,2.59601,0
-5094512214818462097,51.09746,71.41485,5.96845,0
-5094512214818462097,51.10029,71.41242,15.48581,1
-5094512214818462097,51.10055,71.4125,15.03883,2
5567372129726926553,51.0848546,71.4249959,0.0950345546007156,0
2876928675376432870,51.0825012,71.399727,2.443988800048828,0
-6433538042968335582,51.09717,71.41038,0.86686,2
-6433538042968335582,51.09717,71.41038,0.86686,3
-6433538042968335582,51.09692,71.41054,0.1534,4
-750168340871110128,51.0963704,71.4220825,4.697934150695801,0
7951509708045371512,51.08839,71.4072,-1.0,0
-6985553464751315883,51.0983,71.40584,6.01505,1
-6985553464751315883,51.09969,71.40365,6.98506,2
-6985553464751315883,51.09878,71.40487,11.94241,3
-6985553464751315883,51.10043,71.4054,2.10523,4
-8982513112848221916,51.09503,71.43108,10.73583,0
1241203027035223339,51.0988629,71.4032591,5.06920862197876,0
-576429609776895823,51.09739,71.42098,12.39811,0
-576429609776895823,51.09547,71.42032,8.84844,1
-4348681951542459885,51.09889,71.42688,-1.0,2
-4348681951542459885,51.09889,71.42688,-1.0,3
3266479819298978440,51.0984201,71.4212179,7.54915952682495,0
3266479819298978440,51.093167,71.4194196,15.038933753967283,1
3266479819298978440,51.0897145,71.420855,11.164029121398926,2
-8351949612045101697,51.09833,71.42789,15.14836,0
-8351949612045101697,51.10021,71.42861,8.52317,1
8213737960894898756,51.10055,71.40549,0.53477,0
8213737960894898756,51.10055,71.40549,0.53477,1
8756379268094824874,51.10013,71.42689,3.58852,0
-3291092986164804561,51.08917,71.40529,-1.0,0
-1224688343383470223,51.0985017,71.4310902,6.29764461517334,0
-1224688343383470223,51.0952435,71.4304005,6.727202415466309,1
242986010295822525,51.08317,71.40797,-1.0,0
242986010295822525,51.08307,71.40756,-1.0,1
-6976412208777766995,51.09083,71.41081,1.11,0
-6976412208777766995,51.09083,71.41081,1.11,1
7472482961881199110,51.0913773,71.4233547,0.0267538353800773,0
6724515721532336968,51.079046,71.4237204,15.380600929260254,0
